{"project_dir": "C:/wamp64/www/Skill-Swapper/Skill-Swapper", "publish_dir": "dist", "site_name": "the ultimate skills", "token": "nfp_neVJerBvjCCA48QseEjDkULpRo6Nipcu03b9", "team_name": "miteldream", "toml_content": "# Netlify Configuration File\n# See https://docs.netlify.com/configure-builds/file-based-configuration/\n\n[build]\n  # Directory with the built site (relative to the repository root)\n  publish = \"dist\"  # Change to your build output directory (dist, build, public, out, etc.)\n  # Command to build your site\n  command = \"npm run build\"  # Change if you use a different build command\n\n# URL handling for single-page applications (SPAs)\n[[redirects]]\n  from = \"/*\"\n  to = \"/index.html\"\n  status = 200\n  force = true  # Ensure SPA routing works correctly\n\n# Custom headers\n[[headers]]\n  for = \"/*\"\n  [headers.values]\n    X-Frame-Options = \"DENY\"\n    X-XSS-Protection = \"1; mode=block\"\n    X-Content-Type-Options = \"nosniff\"\n    Referrer-Policy = \"strict-origin-when-cross-origin\"\n", "build_type": "npm", "build_commands": {"custom": {"build": "", "prod": "", "clean": ""}}}