{
  "access_token": "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",
  "token_type": "bearer",
  "scope": "repo,user",
  "user": {
    "login": "lititiaomoruyi",
    "id": 213054478,
    "node_id": "U_kgDODLL0Dg",
    "avatar_url": "https://avatars.githubusercontent.com/u/213054478?v=4",
    "gravatar_id": "",
    "url": "https://api.github.com/users/lititiaomoruyi",
    "html_url": "https://github.com/lititiaomoruyi",
    "followers_url": "https://api.github.com/users/lititiaomoruyi/followers",
    "following_url": "https://api.github.com/users/lititiaomoruyi/following{/other_user}",
    "gists_url": "https://api.github.com/users/lititiaomoruyi/gists{/gist_id}",
    "starred_url": "https://api.github.com/users/lititiaomoruyi/starred{/owner}{/repo}",
    "subscriptions_url": "https://api.github.com/users/lititiaomoruyi/subscriptions",
    "organizations_url": "https://api.github.com/users/lititiaomoruyi/orgs",
    "repos_url": "https://api.github.com/users/lititiaomoruyi/repos",
    "events_url": "https://api.github.com/users/lititiaomoruyi/events{/privacy}",
    "received_events_url": "https://api.github.com/users/lititiaomoruyi/received_events",
    "type": "User",
    "user_view_type": "private",
    "site_admin": false,
    "name": null,
    "company": null,
    "blog": "",
    "location": null,
    "email": null,
    "hireable": null,
    "bio": null,
    "twitter_username": null,
    "notification_email": null,
    "public_repos": 0,
    "public_gists": 0,
    "followers": 0,
    "following": 0,
    "created_at": "2025-05-23T12:05:01Z",
    "updated_at": "2025-05-23T14:17:36Z",
    "private_gists": 0,
    "total_private_repos": 0,
    "owned_private_repos": 0,
    "disk_usage": 0,
    "collaborators": 0,
    "two_factor_authentication": false,
    "plan": {
      "name": "free",
      "space": 976562499,
      "collaborators": 0,
      "private_repos": 10000
    }
  }
}